Date,UNEMPLOYMENT,CPI,"CONSUMER
SENTIMENT","CONSUMER
CONFIDENCE",TRADE BALANCE,10 YR YIELD,DOLLAR,OIL,COPPER,GOLD,TRUCK SALES,NEW HOME SALES,PRIVATE CONSTRUCTION,Democratic President,Democratic Senate,Democratic House,Jan,Feb,Mar,Apr,May,Jun,Jul,Aug,Sep,Oct,Nov,,,EUR,JPY
1/31/1989,6,121.1,97.9,115.8,-8638500000,9.03,96.77,17.03,1.469,391.6,4.93E+06,7.19E+05,3.85E+11,0,1,1,1,0,0,0,0,0,0,0,0,0,0,,,1.11,130.27
2/28/1989,5.6,121.6,95.4,120.7,-8622200000,9.39,94.9,18.15,1.389,387.5,4.82E+06,6.22E+05,3.83E+11,0,1,1,0,1,0,0,0,0,0,0,0,0,0,,,1.14,126.83
3/31/1989,5.2,122.3,94.3,117.4,-6953600000,9.4,98.14,20.19,1.348,385.1,4.67E+06,5.67E+05,3.81E+11,0,1,1,0,0,1,0,0,0,0,0,0,0,0,,,1.1,132.71
4/30/1989,5.1,123.1,91.5,116.6,-7190800000,9.04,97.71,20.42,1.417,377.9,4.97E+06,6.08E+05,3.77E+11,0,1,1,0,0,0,1,0,0,0,0,0,0,0,,,1.11,133.01
5/31/1989,5,123.8,90.7,116.7,-9462900000,8.64,102.98,19.9,1.166,363.3,4.68E+06,6.56E+05,3.78E+11,0,1,1,0,0,0,0,1,0,0,0,0,0,0,,,1.05,142.84
6/30/1989,5.5,124.1,90.6,117.2,-8723800000,8.1,102.02,20.27,1.086,374.6,4.55E+06,6.42E+05,3.78E+11,0,1,1,0,0,0,0,0,1,0,0,0,0,0,,,1.06,143.93
7/31/1989,5.3,124.4,92,120.4,-10582300000,7.68,97.39,18.31,1.141,370.5,4.66E+06,7.31E+05,3.78E+11,0,1,1,0,0,0,0,0,0,1,0,0,0,0,,,1.11,137.11
8/31/1989,5.1,124.6,89.6,115.4,-11034200000,8.3,102.28,18.83,1.357,359.9,5.15E+06,6.97E+05,3.80E+11,0,1,1,0,0,0,0,0,0,0,1,0,0,0,,,1.06,144.89
9/30/1989,5.1,125,95.8,116.3,-8970600000,8.4,98.47,20.13,1.2915,367.2,5.02E+06,6.39E+05,3.80E+11,0,1,1,0,0,0,0,0,0,0,0,1,0,0,,,1.1,139.04
10/31/1989,5,125.6,93.9,117,-11780000000,7.92,98.07,19.94,1.1595,374.7,4.50E+06,6.45E+05,3.80E+11,0,1,1,0,0,0,0,0,0,0,0,0,1,0,,,1.11,142.8
11/30/1989,5.2,125.9,90.9,115.1,-10754000000,7.83,96.27,19.89,1.113,411.6,4.53E+06,6.84E+05,3.82E+11,0,1,1,0,0,0,0,0,0,0,0,0,0,1,,,1.14,142.8
12/31/1989,5.1,126.1,90.5,113,-6686500000,7.97,93.21,21.82,1.0695,402.5,4.55E+06,6.30E+05,3.74E+11,0,1,1,0,0,0,0,0,0,0,0,0,0,0,,,1.19,143.85
1/31/1990,6,127.4,93,106.5,-9639700000,8.39,92.41,22.68,0.994,412.4,5.59E+06,6.20E+05,3.82E+11,0,1,1,1,0,0,0,0,0,0,0,0,0,0,,,1.21,144.43
2/28/1990,5.9,128,89.5,106.7,-6150100000,8.54,93.29,21.54,1.1385,406.1,4.59E+06,5.91E+05,3.90E+11,0,1,1,0,1,0,0,0,0,0,0,0,0,0,,,1.2,149.05
3/31/1990,5.5,128.7,91.3,110.6,-6368700000,8.7,93.69,20.28,1.269,370.2,4.69E+06,5.74E+05,3.90E+11,0,1,1,0,0,1,0,0,0,0,0,0,0,0,,,1.21,158.5
4/30/1990,5.3,128.9,93.9,107.3,-6526800000,9.06,93.07,18.54,1.169,368.4,4.60E+06,5.42E+05,3.84E+11,0,1,1,0,0,0,1,0,0,0,0,0,0,0,,,1.22,158.85
5/31/1990,5.2,129.2,90.6,107.3,-7307600000,8.64,92.98,17.4,1.12,364.3,4.61E+06,5.34E+05,3.79E+11,0,1,1,0,0,0,0,1,0,0,0,0,0,0,,,1.21,152.16
6/30/1990,5.4,129.9,88.3,102.4,-6476000000,8.46,91.15,17.07,1.1545,357.9,4.64E+06,5.45E+05,3.75E+11,0,1,1,0,0,0,0,0,1,0,0,0,0,0,,,1.24,152.2
7/31/1990,5.6,130.4,88.2,101.7,-10758900000,8.28,87.17,20.69,1.253,370,4.65E+06,5.42E+05,3.77E+11,0,1,1,0,0,0,0,0,0,1,0,0,0,0,,,1.3,145.7
8/31/1990,5.5,131.6,76.4,84.7,-10508900000,8.77,86.56,27.32,1.3005,382.3,4.39E+06,5.28E+05,3.68E+11,0,1,1,0,0,0,0,0,0,0,1,0,0,0,,,1.32,143.7
9/30/1990,5.6,132.7,72.8,85.6,-9157200000,8.73,86,39.51,1.266,402.5,4.37E+06,4.96E+05,3.60E+11,0,1,1,0,0,0,0,0,0,0,0,1,0,0,,,1.32,138.5
10/31/1990,5.5,133.5,63.9,62.6,-12084500000,8.5,83.28,35.23,1.1725,379.4,4.33E+06,4.65E+05,3.52E+11,0,1,1,0,0,0,0,0,0,0,0,0,1,0,,,1.37,130.1
11/30/1990,5.9,133.8,66,61.7,-10528900000,8.18,82.93,28.85,1.111,383.3,4.28E+06,4.93E+05,3.44E+11,0,1,1,0,0,0,0,0,0,0,0,0,0,1,,,1.37,132.5
12/31/1990,6,133.8,65.5,61.2,-6211100000,8,83.07,28.44,1.183,394.2,4.02E+06,4.64E+05,3.41E+11,0,1,1,0,0,0,0,0,0,0,0,0,0,0,,,1.37,135.4
1/31/1991,7.1,134.6,66.8,55.1,-7078700000,7.89,82,21.54,1.073,365.8,3.84E+06,4.01E+05,3.31E+11,0,1,1,1,0,0,0,0,0,0,0,0,0,0,,,1.39,131.21
2/28/1991,7.3,134.8,70.4,59.4,-4201200000,7.89,84.08,19.16,1.147,367.4,3.99E+06,4.82E+05,3.28E+11,0,1,1,0,1,0,0,0,0,0,0,0,0,0,,,1.35,133
3/31/1991,7.2,135,87.7,81.1,-1888500000,7.96,92.02,19.63,1.064,357.1,4.06E+06,5.07E+05,3.18E+11,0,1,1,0,0,1,0,0,0,0,0,0,0,0,,,1.21,140.7
4/30/1991,6.5,135.2,81.8,79.4,-3410700000,7.88,91.54,20.96,1.059,355.9,3.96E+06,5.08E+05,3.25E+11,0,1,1,0,0,0,1,0,0,0,0,0,0,0,,,1.2,136.03
5/31/1991,6.7,135.6,78.3,76.4,-4157700000,7.92,93.13,21.13,0.967,361.4,4.08E+06,5.17E+05,3.16E+11,0,1,1,0,0,0,0,1,0,0,0,0,0,0,,,1.18,138.4
6/30/1991,7,136,82.1,78,-3948400000,8.14,96.06,20.56,1.01,368.1,4.18E+06,5.16E+05,3.18E+11,0,1,1,0,0,0,0,0,1,0,0,0,0,0,,,1.14,137.43
7/31/1991,6.8,136.2,82.9,77.7,-7893900000,8.03,93.49,21.68,1.01,363.6,4.19E+06,5.11E+05,3.19E+11,0,1,1,0,0,0,0,0,0,1,0,0,0,0,,,1.18,137.3
8/31/1991,6.6,136.6,82,76.1,-7449700000,7.67,93.49,22.26,1.043,348.1,4.15E+06,5.26E+05,3.25E+11,0,1,1,0,0,0,0,0,0,0,1,0,0,0,,,1.18,136.78
9/30/1991,6.5,137.2,83,72.9,-7110600000,7.29,89.9,22.23,1.075,354,4.56E+06,4.87E+05,3.24E+11,0,1,1,0,0,0,0,0,0,0,0,1,0,0,,,1.23,133.03
10/31/1991,6.5,137.4,78.3,60.1,-8734500000,7.15,89.93,23.37,1.064,358.1,3.96E+06,5.24E+05,3.24E+11,0,1,1,0,0,0,0,0,0,0,0,0,1,0,,,1.22,130.8
11/30/1991,6.7,137.8,69.1,52.7,-4941600000,6.99,88.19,21.48,1.026,367.9,4.17E+06,5.75E+05,3.21E+11,0,1,1,0,0,0,0,0,0,0,0,0,0,1,,,1.25,129.97
12/31/1991,6.9,137.9,68.2,52.5,-5907600000,6.38,83.52,19.12,0.967,354.1,4.52E+06,5.58E+05,3.20E+11,0,1,1,0,0,0,0,0,0,0,0,0,0,0,,,1.34,124.8
1/31/1992,8.1,138.1,67.5,50.2,-5470600000,6.92,87.49,18.9,0.9815,357,4.26E+06,6.76E+05,3.24E+11,0,1,1,1,0,0,0,0,0,0,0,0,0,0,,,1.27,125.78
2/29/1992,8.2,138.6,68.8,47.3,-2177500000,6.95,88.99,18.68,1.0295,353,4.32E+06,6.39E+05,3.26E+11,0,1,1,0,1,0,0,0,0,0,0,0,0,0,,,1.25,129.45
3/31/1992,7.8,139.3,76,56.5,-3527000000,7.25,89.65,19.44,1.0165,343.7,4.41E+06,5.54E+05,3.38E+11,0,1,1,0,0,1,0,0,0,0,0,0,0,0,,,1.24,132.75
4/30/1992,7.2,139.5,77.2,65.1,-5770900000,7.26,89.62,20.85,0.9985,337.6,4.42E+06,5.46E+05,3.43E+11,0,1,1,0,0,0,1,0,0,0,0,0,0,0,,,1.25,133.15
5/31/1992,7.3,139.7,79.2,71.9,-5409500000,7,87.22,22.11,1.011,336.4,4.62E+06,5.54E+05,3.45E+11,0,1,1,0,0,0,0,1,0,0,0,0,0,0,,,1.28,127.65
6/30/1992,8,140.2,80.4,72.6,-6716900000,6.76,83.72,21.6,1.095,343.1,4.74E+06,5.96E+05,3.50E+11,0,1,1,0,0,0,0,0,1,0,0,0,0,0,,,1.34,125.55
7/31/1992,7.7,140.5,76.6,61.2,-9893200000,6.27,81.91,21.87,1.1225,357.4,4.43E+06,6.27E+05,3.50E+11,0,1,1,0,0,0,0,0,0,1,0,0,0,0,,,1.38,127.05
8/31/1992,7.4,140.9,76.1,59,-10216800000,6.17,78.88,21.48,1.095,342.7,4.74E+06,6.36E+05,3.46E+11,0,1,1,0,0,0,0,0,0,0,1,0,0,0,,,1.44,123.05
9/30/1992,7.3,141.3,75.6,57.3,-9691200000,5.94,81.1,21.71,1.038,347.8,4.93E+06,6.50E+05,3.54E+11,0,1,1,0,0,0,0,0,0,0,0,1,0,0,,,1.39,119.8
10/31/1992,6.9,141.8,73.3,54.6,-9705100000,6.36,87.63,20.62,1.009,339.4,5.09E+06,6.21E+05,3.60E+11,0,1,1,0,0,0,0,0,0,0,0,0,1,0,,,1.27,123.43
11/30/1992,7.1,142,85.3,65.6,-8642700000,6.61,90.84,19.89,0.976,334.3,4.82E+06,6.14E+05,3.59E+11,0,1,1,0,0,0,0,0,0,0,0,0,0,1,,,1.23,124.67
12/31/1992,7.1,141.9,91,78.1,-7275800000,6.43,92.36,19.5,1.028,332.8,4.98E+06,6.50E+05,3.63E+11,0,1,1,0,0,0,0,0,0,0,0,0,0,0,,,1.2,124.8
1/31/1993,8,142.6,89.3,76.7,-6099800000,6,92.46,20.26,0.985,330.2,4.88E+06,5.96E+05,3.44E+11,1,1,1,1,0,0,0,0,0,0,0,0,0,0,,,1.21,124.6
2/28/1993,7.8,143.1,86.6,68.5,-5746300000,5.67,94.05,20.6,0.9505,329.9,4.88E+06,6.04E+05,3.44E+11,1,1,1,0,1,0,0,0,0,0,0,0,0,0,,,1.18,118.15
3/31/1993,7.4,143.6,85.9,63.2,-8746100000,5.72,91.87,20.44,0.957,337.6,5.03E+06,6.02E+05,3.39E+11,1,1,1,0,0,1,0,0,0,0,0,0,0,0,,,1.21,114.73
4/30/1993,6.9,144,85.6,67.6,-8429600000,5.63,89.49,20.53,0.837,356.5,5.42E+06,7.01E+05,3.43E+11,1,1,1,0,0,0,1,0,0,0,0,0,0,0,,,1.23,111.05
5/31/1993,6.8,144.2,80.3,61.9,-6460300000,5.8,89.08,20.02,0.7955,378.3,5.44E+06,6.26E+05,3.47E+11,1,1,1,0,0,0,0,1,0,0,0,0,0,0,,,1.22,107.12
6/30/1993,7.2,144.4,81.5,58.6,-11738100000,5.46,93.63,18.85,0.858,378.4,5.48E+06,6.53E+05,3.51E+11,1,1,1,0,0,0,0,0,1,0,0,0,0,0,,,1.15,107.31
7/31/1993,7,144.4,77,59.2,-12852600000,5.5,95.37,17.88,0.8795,407,5.45E+06,6.55E+05,3.54E+11,1,1,1,0,0,0,0,0,0,1,0,0,0,0,,,1.09,105
8/31/1993,6.6,144.8,77.3,59.3,-11733800000,5.11,93.95,18.29,0.856,373,5.16E+06,6.45E+05,3.61E+11,1,1,1,0,0,0,0,0,0,0,1,0,0,0,,,1.14,104.72
9/30/1993,6.4,145.1,77.9,63.8,-12571300000,5.11,92.82,18.79,0.7425,355.1,5.40E+06,7.26E+05,3.65E+11,1,1,1,0,0,0,0,0,0,0,0,1,0,0,,,1.16,106.16
10/31/1993,6.4,145.7,82.7,60.5,-12741700000,5.19,95.08,16.92,0.73,368.7,5.57E+06,7.04E+05,3.66E+11,1,1,1,0,0,0,0,0,0,0,0,0,1,0,,,1.13,108.57
11/30/1993,6.2,145.8,81.2,71.9,-11139700000,5.53,96.21,15.43,0.7425,369.8,5.60E+06,7.69E+05,3.84E+11,1,1,1,0,0,0,0,0,0,0,0,0,0,1,,,1.12,109.06
12/31/1993,6.1,145.8,88.2,79.8,-7307000000,5.53,96.84,14.17,0.8295,390.8,5.95E+06,8.12E+05,3.95E+11,1,1,1,0,0,0,0,0,0,0,0,0,0,0,,,1.11,111.8
1/31/1994,7.3,146.2,94.3,82.6,-8953600000,5.83,95.59,15.19,0.869,381.6,6.05E+06,6.19E+05,3.87E+11,1,1,1,1,0,0,0,0,0,0,0,0,0,0,,,1.12,108.55
2/28/1994,7.1,146.7,93.2,79.9,-9528100000,6.06,94.55,14.48,0.863,381.4,6.02E+06,6.86E+05,3.89E+11,1,1,1,0,1,0,0,0,0,0,0,0,0,0,,,1.13,104.5
3/31/1994,6.8,147.2,91.5,86.7,-8524100000,6.58,93.06,14.79,0.866,391.8,5.85E+06,7.47E+05,3.95E+11,1,1,1,0,0,1,0,0,0,0,0,0,0,0,,,1.15,102.65
4/30/1994,6.2,147.4,92.6,92.1,-9884800000,7.09,92.12,16.9,0.9135,376.6,6.20E+06,6.92E+05,4.04E+11,1,1,1,0,0,0,1,0,0,0,0,0,0,0,,,1.17,101.55
5/31/1994,5.9,147.5,92.8,88.9,-10771400000,7.31,92.52,18.31,1.0395,387.1,5.65E+06,6.91E+05,4.06E+11,1,1,1,0,0,0,0,1,0,0,0,0,0,0,,,1.17,104.7
6/30/1994,6.2,148,91.2,92.5,-13714900000,7.23,89.62,19.37,1.0715,385.8,5.98E+06,6.21E+05,4.04E+11,1,1,1,0,0,0,0,0,1,0,0,0,0,0,,,1.2,98.35
7/31/1994,6.2,148.4,89,91.3,-15588800000,7.43,89.87,20.3,1.112,383,5.85E+06,6.28E+05,4.04E+11,1,1,1,0,0,0,0,0,0,1,0,0,0,0,,,1.21,100.04
8/31/1994,5.9,149,91.7,90.4,-15714500000,7.37,89.67,17.56,1.165,386.3,6.06E+06,6.56E+05,4.05E+11,1,1,1,0,0,0,0,0,0,0,1,0,0,0,,,1.21,100.05
9/30/1994,5.6,149.4,91.5,89.5,-15112900000,7.6,87.88,18.39,1.134,394.2,6.03E+06,6.77E+05,4.06E+11,1,1,1,0,0,0,0,0,0,0,0,1,0,0,,,1.23,99.2
10/31/1994,5.4,149.5,92.7,89.1,-16656200000,7.89,85.69,18.19,1.239,383.5,6.42E+06,7.15E+05,3.98E+11,1,1,1,0,0,0,0,0,0,0,0,0,1,0,,,1.27,96.89
11/30/1994,5.3,149.7,91.6,100.4,-15660300000,8.12,89.13,18.05,1.3715,380.7,6.37E+06,6.46E+05,4.08E+11,1,1,1,0,0,0,0,0,0,0,0,0,0,1,,,1.21,98.9
12/31/1994,5.1,149.7,95.1,103.4,-10517100000,7.96,88.73,17.76,1.4035,383.1,6.15E+06,6.29E+05,4.07E+11,1,1,1,0,0,0,0,0,0,0,0,0,0,0,,,1.23,99.7
1/31/1995,6.2,150.3,97.6,101.4,-13660700000,7.93,87.99,18.39,1.378,375.4,5.95E+06,6.26E+05,4.11E+11,1,0,0,1,0,0,0,0,0,0,0,0,0,0,,,1.24,99.55
2/28/1995,5.9,150.9,95.1,99.4,-10219300000,7.78,85.93,18.49,1.301,376.9,6.01E+06,5.59E+05,4.08E+11,1,0,0,0,1,0,0,0,0,0,0,0,0,0,,,1.27,96.72
3/31/1995,5.7,151.4,90.3,100.2,-11004400000,7.72,81.9,19.17,1.395,392.2,6.16E+06,6.16E+05,4.07E+11,1,0,0,0,0,1,0,0,0,0,0,0,0,0,,,1.33,86.6
4/30/1995,5.6,151.9,92.5,104.6,-11985000000,7.57,81.8,20.38,1.2915,387,5.83E+06,6.21E+05,4.06E+11,1,0,0,0,0,0,1,0,0,0,0,0,0,0,,,1.32,84.25
5/31/1995,5.5,152.2,89.8,102,-13343500000,6.79,82.57,18.89,1.324,385.1,5.91E+06,6.74E+05,4.03E+11,1,0,0,0,0,0,0,1,0,0,0,0,0,0,,,1.3,84.54
6/30/1995,5.8,152.5,92.7,94.6,-14698300000,6.74,81.58,17.4,1.388,384.9,6.20E+06,7.25E+05,4.03E+11,1,0,0,0,0,0,0,0,1,0,0,0,0,0,,,1.33,84.6
7/31/1995,5.9,152.5,94.4,101.4,-17467400000,6.96,81.57,17.56,1.352,382.3,5.95E+06,7.65E+05,4.10E+11,1,0,0,0,0,0,0,0,0,1,0,0,0,0,,,1.34,88.43
8/31/1995,5.6,152.9,96.2,102.4,-15479900000,6.77,85.57,17.84,1.328,382.9,6.02E+06,7.01E+05,4.07E+11,1,0,0,0,0,0,0,0,0,0,1,0,0,0,,,1.27,97.45
9/30/1995,5.4,153.2,88.9,97.3,-13692500000,6.67,84.29,17.54,1.33,383.8,6.14E+06,6.78E+05,4.11E+11,1,0,0,0,0,0,0,0,0,0,0,1,0,0,,,1.3,99.8
10/31/1995,5.2,153.7,90.2,96.3,-15561500000,6.49,83.66,17.64,1.287,383,5.97E+06,6.96E+05,4.11E+11,1,0,0,0,0,0,0,0,0,0,0,0,1,0,,,1.3,102
11/30/1995,5.3,153.6,88.2,101.6,-12866200000,6.25,85.26,18.18,1.3225,387.2,6.31E+06,6.64E+05,4.14E+11,1,0,0,0,0,0,0,0,0,0,0,0,0,1,,,1.28,102.13
12/31/1995,5.2,153.5,91,99.2,-8825900000,6.06,84.76,19.55,1.261,387.6,6.85E+06,7.09E+05,4.18E+11,1,0,0,0,0,0,0,0,0,0,0,0,0,0,,,1.28,103.35
1/31/1996,6.3,154.4,89.3,88.4,-14141600000,6.1,87.38,17.74,1.1575,405.6,6.40E+06,7.14E+05,4.28E+11,1,0,0,1,0,0,0,0,0,0,0,0,0,0,,,1.23,107.05
2/29/1996,6,154.9,88.5,98,-9467000000,6.68,86.29,19.54,1.1675,399.9,6.60E+06,7.69E+05,4.29E+11,1,0,0,0,1,0,0,0,0,0,0,0,0,0,,,1.25,105.25
3/31/1996,5.8,155.7,93.7,98.4,-8411600000,6.91,86.52,21.47,1.167,395.8,6.65E+06,7.21E+05,4.34E+11,1,0,0,0,0,1,0,0,0,0,0,0,0,0,,,1.26,107.17
4/30/1996,5.4,156.3,92.7,104.8,-12791600000,7.2,88.02,21.2,1.2115,391.9,6.46E+06,7.36E+05,4.42E+11,1,0,0,0,0,0,1,0,0,0,0,0,0,0,,,1.23,105
5/31/1996,5.4,156.6,89.4,103.5,-13498000000,7.37,87.78,19.76,1.184,390.9,6.57E+06,7.46E+05,4.47E+11,1,0,0,0,0,0,0,1,0,0,0,0,0,0,,,1.24,108.04
6/30/1996,5.5,156.7,92.4,100.1,-12374300000,7.22,87.82,20.92,0.9185,380.1,6.38E+06,7.21E+05,4.58E+11,1,0,0,0,0,0,0,0,1,0,0,0,0,0,,,1.24,109.7
7/31/1996,5.6,157,94.7,107,-20084200000,7.29,85.9,20.42,0.94,387.5,6.39E+06,7.70E+05,4.53E+11,1,0,0,0,0,0,0,0,0,1,0,0,0,0,,,1.28,106.8
8/31/1996,5.1,157.3,95.3,112,-16451000000,7.4,86.36,22.25,0.965,386.9,6.65E+06,8.26E+05,4.60E+11,1,0,0,0,0,0,0,0,0,0,1,0,0,0,,,1.27,108.92
9/30/1996,5,157.8,94.7,111.8,-17710700000,7.17,87.94,24.38,0.9105,377.7,6.63E+06,7.70E+05,4.66E+11,1,0,0,0,0,0,0,0,0,0,0,1,0,0,,,1.25,111.36
10/31/1996,4.9,158.3,96.5,107.3,-18010200000,6.8,87.43,23.35,0.925,378.1,6.90E+06,7.20E+05,4.71E+11,1,0,0,0,0,0,0,0,0,0,0,0,1,0,,,1.26,114
11/30/1996,5,158.6,99.2,109.5,-12999000000,6.46,87.92,23.75,1.103,373,7.10E+06,7.71E+05,4.70E+11,1,0,0,0,0,0,0,0,0,0,0,0,0,1,,,1.25,113.85
12/31/1996,5,158.6,96.9,114.2,-14274100000,6.88,88.18,25.92,1.0285,368.3,6.69E+06,8.05E+05,4.61E+11,1,0,0,0,0,0,0,0,0,0,0,0,0,0,,,1.25,115.9
1/31/1997,5.9,159.1,97.4,118.7,-16681800000,6.95,93.04,24.15,1.059,344.9,6.67E+06,8.30E+05,4.64E+11,1,0,0,1,0,0,0,0,0,0,0,0,0,0,,,1.18,121.4
2/28/1997,5.7,159.6,99.7,118.9,-11937500000,6.99,94.89,20.3,1.1375,364.7,6.64E+06,8.01E+05,4.65E+11,1,0,0,0,1,0,0,0,0,0,0,0,0,0,,,1.15,120.1
3/31/1997,5.5,160,100,118.5,-9405200000,7.37,94.72,20.41,1.1455,351,7.01E+06,8.31E+05,4.67E+11,1,0,0,0,0,1,0,0,0,0,0,0,0,0,,,1.17,123.75
4/30/1997,4.8,160.2,101.4,118.5,-12989100000,7.14,97.18,20.21,1.125,340,6.68E+06,7.44E+05,4.64E+11,1,0,0,0,0,0,1,0,0,0,0,0,0,0,,,1.13,127.08
5/31/1997,4.7,160.1,103.2,127.9,-12692000000,7.11,94.85,20.88,1.186,344.8,6.74E+06,7.60E+05,4.72E+11,1,0,0,0,0,0,0,1,0,0,0,0,0,0,,,1.14,116.15
6/30/1997,5.2,160.3,104.5,129.9,-13527300000,6.99,95.67,19.8,1.1365,334.2,6.41E+06,7.93E+05,4.72E+11,1,0,0,0,0,0,0,0,1,0,0,0,0,0,,,1.13,114.55
7/31/1997,5,160.5,107.1,126.3,-19905300000,6.49,99.64,20.14,1.088,324.1,6.85E+06,8.05E+05,4.80E+11,1,0,0,0,0,0,0,0,0,1,0,0,0,0,,,1.07,118.5
8/31/1997,4.8,160.8,104.4,127.6,-16264400000,6.84,99,19.61,0.991,324.5,7.21E+06,8.15E+05,4.84E+11,1,0,0,0,0,0,0,0,0,0,1,0,0,0,,,1.09,120.85
9/30/1997,4.7,161.2,106,130.2,-19280500000,6.62,97.11,21.18,0.9565,334.3,6.78E+06,8.40E+05,4.93E+11,1,0,0,0,0,0,0,0,0,0,0,1,0,0,,,1.11,120.5
10/31/1997,4.4,161.6,105.6,123.4,-18946800000,6.43,95.64,21.08,0.907,311.3,7.01E+06,8.00E+05,4.96E+11,1,0,0,0,0,0,0,0,0,0,0,0,1,0,,,1.14,120.37
11/30/1997,4.3,161.5,107.2,128.1,-13886500000,6.34,97.79,19.15,0.8405,296.9,7.42E+06,8.64E+05,4.91E+11,1,0,0,0,0,0,0,0,0,0,0,0,0,1,,,1.12,127.85
12/31/1997,4.4,161.3,102.1,136.2,-15006600000,6.27,99.65,17.64,0.769,289.2,7.44E+06,7.93E+05,4.88E+11,1,0,0,0,0,0,0,0,0,0,0,0,0,0,,,1.1,130.61
1/31/1998,5.2,161.6,106.6,128.3,-15052400000,6.05,100.79,17.21,0.7875,302.9,6.95E+06,8.72E+05,4.96E+11,1,0,0,1,0,0,0,0,0,0,0,0,0,0,,,1.08,127
2/28/1998,5,161.9,110.4,137.4,-13160800000,6.16,99.82,15.44,0.758,299.1,6.98E+06,8.66E+05,5.01E+11,1,0,0,0,1,0,0,0,0,0,0,0,0,0,,,1.09,126.1
3/31/1998,5,162.2,106.5,133.8,-15797800000,6.21,101.5,15.61,0.793,300.5,7.08E+06,8.36E+05,5.20E+11,1,0,0,0,0,1,0,0,0,0,0,0,0,0,,,1.08,133.1
4/30/1998,4.1,162.5,108.7,137.2,-19069500000,6.19,99.71,15.39,0.826,306.8,7.42E+06,8.66E+05,5.24E+11,1,0,0,0,0,0,1,0,0,0,0,0,0,0,,,1.1,132.72
5/31/1998,4.2,162.8,106.5,136.3,-17325000000,6.11,100.45,15.2,0.7705,292.3,8.07E+06,8.87E+05,5.28E+11,1,0,0,0,0,0,0,1,0,0,0,0,0,0,,,1.1,138.75
6/30/1998,4.7,163,105.6,138.2,-19923500000,6.03,101.17,14.18,0.7335,297,7.98E+06,9.23E+05,5.45E+11,1,0,0,0,0,0,0,0,1,0,0,0,0,0,,,1.09,138.7
7/31/1998,4.7,163.2,105.2,137.2,-24758400000,6.08,101.2,14.21,0.765,286.3,6.97E+06,8.76E+05,5.36E+11,1,0,0,0,0,0,0,0,0,1,0,0,0,0,,,1.11,144.75
8/31/1998,4.5,163.4,104.4,133.1,-22593900000,5.99,100.2,13.34,0.7205,275.7,6.80E+06,8.46E+05,5.42E+11,1,0,0,0,0,0,0,0,0,0,1,0,0,0,,,1.13,139.25
9/30/1998,4.4,163.6,100.9,126.4,-22808300000,5.31,96.17,16.14,0.733,296.4,7.56E+06,8.64E+05,5.48E+11,1,0,0,0,0,0,0,0,0,0,0,1,0,0,,,1.18,136.43
10/31/1998,4.2,164,97.4,119.3,-22398600000,5.48,93.73,14.42,0.7215,292.7,7.97E+06,8.93E+05,5.50E+11,1,0,0,0,0,0,0,0,0,0,0,0,1,0,,,1.19,115.8
11/30/1998,4.1,164,102.7,126.4,-19625400000,5.59,96.2,11.22,0.7005,292.5,7.72E+06,9.95E+05,5.51E+11,1,0,0,0,0,0,0,0,0,0,0,0,0,1,,,1.16,122.99
12/31/1998,4,163.9,100.5,126.7,-17244600000,5.52,94.17,12.05,0.6635,288.1,7.99E+06,9.49E+05,5.46E+11,1,0,0,0,0,0,0,0,0,0,0,0,0,0,,,1.17,113.2
1/31/1999,4.8,164.3,103.9,128.9,-19330200000,5.49,96.08,12.75,0.6415,286.3,8.03E+06,8.75E+05,5.49E+11,1,0,0,1,0,0,0,0,0,0,0,0,0,0,,,1.14,116.2
2/28/1999,4.7,164.5,108.1,133.1,-20569700000,6.19,98.68,12.27,0.6235,287.5,8.05E+06,8.48E+05,5.59E+11,1,0,0,0,1,0,0,0,0,0,0,0,0,0,,,1.1,118.95
3/31/1999,4.4,165,105.7,134,-23182500000,6.14,100.1,16.76,0.622,279.8,7.94E+06,8.63E+05,5.70E+11,1,0,0,0,0,1,0,0,0,0,0,0,0,0,,,1.08,118.8
4/30/1999,4.1,166.2,104.6,135.5,-22696900000,6.12,101,18.66,0.7165,286.8,7.92E+06,9.18E+05,5.61E+11,1,0,0,0,0,0,1,0,0,0,0,0,0,0,,,1.06,119.45
5/31/1999,4,166.2,106.8,137.7,-24475800000,6.66,102.51,16.84,0.624,270.4,8.30E+06,8.88E+05,5.63E+11,1,0,0,0,0,0,0,1,0,0,0,0,0,0,,,1.04,121.49
6/30/1999,4.5,166.2,107.3,139,-30054400000,6.82,102.85,19.29,0.7595,263.1,8.20E+06,9.23E+05,5.72E+11,1,0,0,0,0,0,0,0,1,0,0,0,0,0,,,1.04,121.1
7/31/1999,4.5,166.7,106,136.2,-33778000000,7.03,99.75,20.53,0.758,256.9,8.38E+06,9.00E+05,5.76E+11,1,0,0,0,0,0,0,0,0,1,0,0,0,0,,,1.07,114.5
8/31/1999,4.2,167.1,104.5,136,-32309400000,7.13,99.95,22.11,0.777,255.8,8.26E+06,8.93E+05,5.73E+11,1,0,0,0,0,0,0,0,0,0,1,0,0,0,,,1.06,109.7
9/30/1999,4.1,167.9,107.2,134.2,-30813000000,7.11,98.54,24.51,0.8175,297.9,8.57E+06,8.26E+05,5.83E+11,1,0,0,0,0,0,0,0,0,0,0,1,0,0,,,1.07,106.32
10/31/1999,3.8,168.2,103.2,130.5,-31487400000,7.12,99.06,21.75,0.803,299.2,8.35E+06,8.72E+05,5.89E+11,1,0,0,0,0,0,0,0,0,0,0,0,1,0,,,1.05,104.1
11/30/1999,3.8,168.3,107.2,137,-32632200000,7.19,101.99,24.59,0.8,290.1,8.26E+06,8.63E+05,6.04E+11,1,0,0,0,0,0,0,0,0,0,0,0,0,1,,,1.01,102.12
12/31/1999,3.7,168.3,105.4,141.7,-27489300000,7.53,101.87,25.6,0.8525,288.5,8.82E+06,8.73E+05,6.04E+11,1,0,0,0,0,0,0,0,0,0,0,0,0,0,,,1.01,102.21
1/31/2000,4.5,168.8,111.4,144.7,-29508700000,7.64,105.13,27.64,0.844,283.2,8.81E+06,8.73E+05,6.00E+11,1,0,0,1,0,0,0,0,0,0,0,0,0,0,,,0.97,107.36
2/29/2000,4.4,169.8,111.3,140.8,-30508600000,7.6,105.92,30.43,0.787,292.4,9.31E+06,8.56E+05,6.17E+11,1,0,0,0,1,0,0,0,0,0,0,0,0,0,,,0.96,110.19
3/31/2000,4.3,171.2,107.1,137.1,-34297100000,7.44,105.44,26.9,0.8,278.4,8.85E+06,9.00E+05,6.22E+11,1,0,0,0,0,1,0,0,0,0,0,0,0,0,,,0.96,102.75
4/30/2000,3.7,171.3,109.2,137.7,-31838500000,7.6,110.14,25.74,0.79,273.1,8.54E+06,8.41E+05,6.21E+11,1,0,0,0,0,0,1,0,0,0,0,0,0,0,,,0.91,108.16
5/31/2000,3.8,171.5,110.7,144.7,-36394000000,7.65,108.74,29.01,0.811,271.7,8.59E+06,8.57E+05,6.26E+11,1,0,0,0,0,0,0,1,0,0,0,0,0,0,,,0.94,107.61
6/30/2000,4.1,172.4,106.4,139.2,-36524200000,7.42,106.84,32.5,0.8155,290.1,8.32E+06,7.93E+05,6.20E+11,1,0,0,0,0,0,0,0,1,0,0,0,0,0,,,0.95,105.98
7/31/2000,4.2,172.8,108.3,143,-41958000000,7.39,109.57,27.43,0.871,276.8,8.26E+06,8.87E+05,6.12E+11,1,0,0,0,0,0,0,0,0,1,0,0,0,0,,,0.93,109.39
8/31/2000,4.1,172.8,107.3,140.8,-39912300000,7.13,112.6,33.12,0.885,278.3,8.49E+06,8.48E+05,6.22E+11,1,0,0,0,0,0,0,0,0,0,1,0,0,0,,,0.89,106.63
9/30/2000,3.8,173.7,106.8,142.5,-38964100000,7.13,113.25,30.84,0.9155,273.6,9.29E+06,9.12E+05,6.29E+11,1,0,0,0,0,0,0,0,0,0,0,1,0,0,,,0.88,108.05
10/31/2000,3.6,174,105.8,135.8,-44177300000,7.04,116.65,32.7,0.8465,264.9,8.52E+06,9.33E+05,6.31E+11,1,0,0,0,0,0,0,0,0,0,0,0,1,0,,,0.85,108.96
11/30/2000,3.7,174.1,107.6,132.6,-38781000000,6.81,115.24,33.82,0.841,270.1,8.02E+06,8.80E+05,6.36E+11,1,0,0,0,0,0,0,0,0,0,0,0,0,1,,,0.87,110.34
12/31/2000,3.7,174,98.4,128.6,-33240800000,6.17,109.56,26.8,0.8465,272,7.85E+06,9.83E+05,6.26E+11,1,0,0,0,0,0,0,0,0,0,0,0,0,0,,,0.94,114.27
1/31/2001,4.7,175.1,94.7,115.7,-39708100000,6.04,110.52,28.66,0.8485,265.6,8.54E+06,9.36E+05,6.26E+11,0,1,0,1,0,0,0,0,0,0,0,0,0,0,,,0.94,116.33
2/28/2001,4.6,175.8,90.6,109.2,-28896100000,5.95,112.01,27.39,0.81,266.8,8.55E+06,9.63E+05,6.24E+11,0,1,0,0,1,0,0,0,0,0,0,0,0,0,,,0.92,117.3
3/31/2001,4.5,176.2,91.5,116.9,-33178900000,6.13,117.37,26.29,0.7585,257.9,8.61E+06,9.39E+05,6.31E+11,0,1,0,0,0,1,0,0,0,0,0,0,0,0,,,0.88,126.2
4/30/2001,4.2,176.9,88.4,109.9,-34248500000,6.35,115.85,28.46,0.7665,264,8.22E+06,9.09E+05,6.41E+11,0,1,0,0,0,0,1,0,0,0,0,0,0,0,,,0.89,123.49
5/31/2001,4.1,177.7,92,116.1,-31673300000,6.35,119.07,28.37,0.752,265.3,8.20E+06,8.85E+05,6.42E+11,0,1,0,0,0,0,0,1,0,0,0,0,0,0,,,0.85,119.15
6/30/2001,4.7,178,92.6,118.9,-32329300000,6.52,119.43,26.25,0.7045,270.6,8.78E+06,8.82E+05,6.50E+11,0,1,0,0,0,0,0,0,1,0,0,0,0,0,,,0.85,124.67
7/31/2001,4.7,177.5,92.4,116.3,-40014000000,6.12,117.18,26.35,0.678,266.2,8.26E+06,8.80E+05,6.46E+11,0,1,0,0,0,0,0,0,0,1,0,0,0,0,,,0.88,125.03
8/31/2001,4.9,177.5,91.5,114,-36616200000,5.91,113.42,27.2,0.6785,274.4,8.28E+06,8.66E+05,6.44E+11,0,1,0,0,0,0,0,0,0,0,1,0,0,0,,,0.91,118.75
9/30/2001,4.7,178.3,81.8,97,-34251300000,5.49,113.48,23.43,0.646,292.4,8.32E+06,8.53E+05,6.39E+11,0,1,0,0,0,0,0,0,0,0,0,1,0,0,,,0.91,119.53
10/31/2001,5,177.7,82.7,85.3,-40476000000,4.98,114.86,21.18,0.622,279.5,1.13E+07,8.71E+05,6.39E+11,0,1,0,0,0,0,0,0,0,0,0,0,1,0,,,0.9,122.37
11/30/2001,5.3,177.4,83.9,84.9,-33805300000,5.71,116.13,19.44,0.722,273.9,9.39E+06,9.24E+05,6.36E+11,0,1,0,0,0,0,0,0,0,0,0,0,0,1,,,0.9,123.37
12/31/2001,5.4,176.7,88.8,94.6,-26700500000,6.24,116.75,19.84,0.653,278.7,8.76E+06,9.79E+05,6.40E+11,0,1,0,0,0,0,0,0,0,0,0,0,0,0,,,0.89,131.63
1/31/2002,6.3,177.1,93,97.8,-32444500000,5.99,120.24,19.48,0.7305,282.1,8.57E+06,8.80E+05,6.41E+11,0,1,0,1,0,0,0,0,0,0,0,0,0,0,,,0.86,134.56
2/28/2002,6.1,177.8,90.7,95,-30411100000,5.91,119.16,21.74,0.714,296.7,9.00E+06,9.48E+05,6.42E+11,0,1,0,0,1,0,0,0,0,0,0,0,0,0,,,0.87,133.64
3/31/2002,6.1,178.8,95.7,110.7,-30686400000,6.33,118.62,26.31,0.7605,302.6,8.72E+06,9.23E+05,6.38E+11,0,1,0,0,0,1,0,0,0,0,0,0,0,0,,,0.87,132.74
4/30/2002,5.7,179.8,93,108.5,-38744900000,5.9,115.19,27.29,0.7325,308.9,8.91E+06,9.36E+05,6.50E+11,0,1,0,0,0,0,1,0,0,0,0,0,0,0,,,0.9,128.49
5/31/2002,5.5,179.8,96.9,110.3,-37764800000,5.9,111.81,25.31,0.7615,326.5,8.02E+06,9.78E+05,6.36E+11,0,1,0,0,0,0,0,1,0,0,0,0,0,0,,,0.93,124.09
6/30/2002,6,179.9,92.4,106.3,-36495200000,5.68,106.11,26.86,0.7675,313.5,8.59E+06,9.57E+05,6.37E+11,0,1,0,0,0,0,0,0,1,0,0,0,0,0,,,0.99,119.57
7/31/2002,5.9,180.1,88.1,97.4,-45440300000,5.32,107.41,27.02,0.6775,303.2,9.23E+06,9.56E+05,6.34E+11,0,1,0,0,0,0,0,0,0,1,0,0,0,0,,,0.98,119.86
8/31/2002,5.7,180.7,87.6,94.5,-42786200000,4.88,106.98,28.98,0.687,312.4,9.57E+06,1.01E+06,6.27E+11,0,1,0,0,0,0,0,0,0,0,1,0,0,0,,,0.98,118.44
9/30/2002,5.4,181,86.1,93.7,-42151300000,4.57,106.87,30.45,0.66,323.9,8.42E+06,1.04E+06,6.19E+11,0,1,0,0,0,0,0,0,0,0,0,1,0,0,,,0.99,121.71
10/31/2002,5.3,181.3,80.6,79.6,-44275200000,4.74,106.64,27.22,0.714,318,8.38E+06,1.01E+06,6.26E+11,0,1,0,0,0,0,0,0,0,0,0,0,1,0,,,0.99,122.47
11/30/2002,5.6,181.3,84.2,84.9,-42894300000,5.01,106.41,26.89,0.736,316.8,8.35E+06,1.02E+06,6.30E+11,0,1,0,0,0,0,0,0,0,0,0,0,0,1,,,0.99,122.51
12/31/2002,5.7,180.9,86.7,80.7,-44170800000,4.49,101.85,31.2,0.697,347.6,9.51E+06,1.05E+06,6.34E+11,0,1,0,0,0,0,0,0,0,0,0,0,0,0,,,1.05,118.74
1/31/2003,6.5,181.7,82.4,78.8,-42636800000,4.73,99.91,33.51,0.7915,368.3,8.36E+06,9.99E+05,6.45E+11,0,0,0,1,0,0,0,0,0,0,0,0,0,0,,,1.08,119.86
2/28/2003,6.4,183.1,79.9,64.8,-37236700000,4.33,99.71,36.6,0.775,350.2,8.37E+06,9.36E+05,6.43E+11,0,0,0,0,1,0,0,0,0,0,0,0,0,0,,,1.08,118.11
3/31/2003,6.2,184.2,77.6,61.4,-42318100000,4.5,99.06,31.04,0.7125,335.9,8.60E+06,9.99E+05,6.43E+11,0,0,0,0,0,1,0,0,0,0,0,0,0,0,,,1.09,117.93
4/30/2003,5.8,183.8,86,81,-44707000000,4.43,97.19,25.8,0.725,339.1,9.04E+06,1.01E+06,6.48E+11,0,0,0,0,0,0,1,0,0,0,0,0,0,0,,,1.12,118.84
5/31/2003,5.8,183.5,92.1,83.6,-42084900000,4,93.27,29.56,0.78,364.5,8.90E+06,1.08E+06,6.54E+11,0,0,0,0,0,0,0,1,0,0,0,0,0,0,,,1.18,119.27
6/30/2003,6.5,183.7,89.7,83.5,-42387500000,4.1,94.73,30.19,0.748,346,9.05E+06,1.19E+06,6.62E+11,0,0,0,0,0,0,0,0,1,0,0,0,0,0,,,1.15,119.76
7/31/2003,6.3,183.9,90.9,77,-50560800000,5.39,96.89,30.54,0.818,354,9.21E+06,1.17E+06,6.74E+11,0,0,0,0,0,0,0,0,0,1,0,0,0,0,,,1.12,120.51
8/31/2003,6,184.6,89.3,81.7,-43695900000,5.29,98.1,31.57,0.803,375.7,1.01E+07,1.21E+06,6.82E+11,0,0,0,0,0,0,0,0,0,0,1,0,0,0,,,1.1,116.89
9/30/2003,5.8,185.2,87.7,77,-48083300000,4.65,92.85,29.2,0.813,385.4,9.37E+06,1.13E+06,6.92E+11,0,0,0,0,0,0,0,0,0,0,0,1,0,0,,,1.17,111.48
10/31/2003,5.6,185,89.6,81.7,-50769000000,5.09,92.73,29.11,0.937,384.5,8.95E+06,1.14E+06,7.03E+11,0,0,0,0,0,0,0,0,0,0,0,0,1,0,,,1.16,109.88
11/30/2003,5.6,184.5,93.7,92.5,-41574500000,5.1,90.21,30.41,0.907,396.8,9.45E+06,1.09E+06,7.11E+11,0,0,0,0,0,0,0,0,0,0,0,0,0,1,,,1.2,109.6
12/31/2003,5.4,184.3,92.6,94.8,-46295800000,4.92,86.92,32.52,1.043,415.7,9.58E+06,1.13E+06,7.36E+11,0,0,0,0,0,0,0,0,0,0,0,0,0,0,,,1.26,107.33
1/31/2004,6.3,185.2,103.8,97.7,-45068700000,4.79,87.2,33.05,1.143,402.2,9.26E+06,1.17E+06,7.26E+11,0,0,0,1,0,0,0,0,0,0,0,0,0,0,,,1.25,105.71
2/29/2004,6,186.2,94.4,88.5,-41745700000,4.64,87.31,36.16,1.343,396.4,9.06E+06,1.16E+06,7.28E+11,0,0,0,0,1,0,0,0,0,0,0,0,0,0,,,1.25,109.04
3/31/2004,6,187.4,95.8,88.5,-49531300000,4.55,87.61,35.76,1.3585,427.3,9.14E+06,1.28E+06,7.40E+11,0,0,0,0,0,1,0,0,0,0,0,0,0,0,,,1.23,104.26
4/30/2004,5.4,188,94.2,93,-51329000000,5.22,90.48,37.38,1.2095,387,9.22E+06,1.19E+06,7.46E+11,0,0,0,0,0,0,1,0,0,0,0,0,0,0,,,1.2,110.36
5/31/2004,5.3,189.1,90.2,93.1,-48974500000,5.45,88.95,39.88,1.278,394,9.90E+06,1.24E+06,7.55E+11,0,0,0,0,0,0,0,1,0,0,0,0,0,0,,,1.22,109.48
6/30/2004,5.8,189.7,95.6,102.8,-59253900000,5.33,88.8,37.05,1.205,392.6,8.53E+06,1.18E+06,7.60E+11,0,0,0,0,0,0,0,0,1,0,0,0,0,0,,,1.22,108.86
7/31/2004,5.7,189.4,96.7,105.7,-59345100000,5.19,89.96,43.8,1.308,391,9.49E+06,1.09E+06,7.82E+11,0,0,0,0,0,0,0,0,0,1,0,0,0,0,,,1.2,111.43
8/31/2004,5.4,189.5,95.9,98.7,-60045500000,4.96,88.94,42.12,1.281,410.4,9.47E+06,1.18E+06,7.93E+11,0,0,0,0,0,0,0,0,0,0,1,0,0,0,,,1.22,109.11
9/30/2004,5.1,189.9,94.2,96.7,-56795900000,4.75,87.36,49.64,1.4,418.7,1.01E+07,1.21E+06,7.93E+11,0,0,0,0,0,0,0,0,0,0,0,1,0,0,,,1.24,110
10/31/2004,5.1,190.9,91.7,92.9,-61724900000,4.63,84.91,51.76,1.3475,428.5,9.48E+06,1.31E+06,7.98E+11,0,0,0,0,0,0,0,0,0,0,0,0,1,0,,,1.28,105.78
11/30/2004,5.2,191,92.8,92.6,-65509600000,4.95,81.82,49.13,1.443,451.3,9.38E+06,1.18E+06,7.98E+11,0,0,0,0,0,0,0,0,0,0,0,0,0,1,,,1.33,102.9
12/31/2004,5.1,190.3,97.1,102.7,-55506200000,4.8,80.85,43.45,1.487,437.5,9.63E+06,1.24E+06,8.13E+11,0,0,0,0,0,0,0,0,0,0,0,0,0,0,,,1.36,102.45
1/31/2005,5.7,190.7,95.5,105.1,-56750900000,4.71,83.6,48.2,1.463,421.8,8.92E+06,1.20E+06,8.26E+11,0,0,0,1,0,0,0,0,0,0,0,0,0,0,,,1.3,103.64
2/28/2005,5.8,191.8,94.1,104.4,-53976700000,4.92,82.51,51.75,1.5,436.5,8.84E+06,1.32E+06,8.40E+11,0,0,0,0,1,0,0,0,0,0,0,0,0,0,,,1.32,104.56
3/31/2005,5.4,193.3,92.6,103,-55938400000,5.06,84.06,55.4,1.5105,428.7,9.17E+06,1.33E+06,8.43E+11,0,0,0,0,0,1,0,0,0,0,0,0,0,0,,,1.3,107.09
4/30/2005,4.9,194.6,87.7,97.5,-59541600000,4.75,84.43,49.72,1.493,435,9.33E+06,1.26E+06,8.52E+11,0,0,0,0,0,0,1,0,0,0,0,0,0,0,,,1.29,104.66
5/31/2005,4.9,194.4,86.9,103.1,-60338600000,4.52,87.76,51.97,1.505,416.3,9.42E+06,1.29E+06,8.59E+11,0,0,0,0,0,0,0,1,0,0,0,0,0,0,,,1.23,108.5
6/30/2005,5.2,194.5,96,106.2,-63836700000,4.41,89.11,56.5,1.5535,435.9,1.05E+07,1.27E+06,8.69E+11,0,0,0,0,0,0,0,0,1,0,0,0,0,0,,,1.21,110.8
7/31/2005,5.2,195.4,96.5,103.6,-66488300000,4.81,89.35,60.57,1.6875,429.9,1.26E+07,1.39E+06,8.82E+11,0,0,0,0,0,0,0,0,0,1,0,0,0,0,,,1.21,112.51
8/31/2005,4.9,196.4,89.1,105.5,-69703700000,4.65,87.58,68.94,1.7095,433.8,9.12E+06,1.26E+06,8.92E+11,0,0,0,0,0,0,0,0,0,0,1,0,0,0,,,1.23,110.61
9/30/2005,4.8,198.8,76.9,87.5,-71911900000,4.86,89.52,66.24,1.8015,469,8.48E+06,1.24E+06,9.11E+11,0,0,0,0,0,0,0,0,0,0,0,1,0,0,,,1.2,113.49
10/31/2005,4.6,199.2,74.2,85.2,-77014900000,5.18,90.07,59.76,1.896,465.1,7.45E+06,1.34E+06,9.24E+11,0,0,0,0,0,0,0,0,0,0,0,0,1,0,,,1.2,116.38
11/30/2005,4.8,197.6,81.6,98.3,-72004000000,5.14,91.57,57.32,2.075,494.6,8.41E+06,1.21E+06,9.35E+11,0,0,0,0,0,0,0,0,0,0,0,0,0,1,,,1.18,119.8
12/31/2005,4.6,196.8,91.5,103.8,-64866500000,5.05,91.17,61.04,2.1615,517.1,9.25E+06,1.24E+06,9.43E+11,0,0,0,0,0,0,0,0,0,0,0,0,0,0,,,1.18,117.92
1/31/2006,5.1,198.3,91.2,106.8,-70223700000,5.11,88.96,67.92,2.2355,570.8,8.95E+06,1.17E+06,9.53E+11,0,0,0,1,0,0,0,0,0,0,0,0,0,0,,,1.22,117.22
2/28/2006,5.1,198.7,86.7,102.7,-57766800000,5.13,90.11,61.41,2.1855,561.6,8.93E+06,1.06E+06,9.58E+11,0,0,0,0,1,0,0,0,0,0,0,0,0,0,,,1.19,115.75
3/31/2006,4.8,199.8,88.9,107.5,-63187100000,5.48,89.73,66.63,2.488,581.8,8.96E+06,1.12E+06,9.54E+11,0,0,0,0,0,1,0,0,0,0,0,0,0,0,,,1.21,117.66
4/30/2006,4.5,201.5,87.4,109.8,-64471100000,5.76,86.11,71.88,3.3355,651.8,8.63E+06,1.12E+06,9.38E+11,0,0,0,0,0,0,1,0,0,0,0,0,0,0,,,1.26,113.83
5/31/2006,4.4,202.5,79.1,104.7,-72195000000,5.75,84.72,71.29,3.7165,642.5,8.54E+06,1.09E+06,9.27E+11,0,0,0,0,0,0,0,1,0,0,0,0,0,0,,,1.28,112.58
6/30/2006,4.8,202.9,84.9,105.4,-70756400000,5.83,85.22,73.93,3.4625,613.5,8.76E+06,1.07E+06,9.14E+11,0,0,0,0,0,0,0,0,1,0,0,0,0,0,,,1.28,114.43
7/31/2006,5,203.5,84.7,107,-78413700000,5.64,85.3,74.4,3.61,634.2,9.03E+06,9.65E+05,9.00E+11,0,0,0,0,0,0,0,0,0,1,0,0,0,0,,,1.28,114.67
8/31/2006,4.6,203.9,82,100.2,-79312300000,5.38,85.05,70.26,3.469,625.9,8.20E+06,1.04E+06,8.91E+11,0,0,0,0,0,0,0,0,0,0,1,0,0,0,,,1.28,117.34
9/30/2006,4.4,202.9,85.4,105.9,-70924500000,5.25,85.97,62.91,3.459,598.6,8.75E+06,1.02E+06,8.81E+11,0,0,0,0,0,0,0,0,0,0,0,1,0,0,,,1.27,118.17
10/31/2006,4.1,201.8,93.6,105.1,-72363500000,5.22,85.32,58.73,3.336,604.1,8.83E+06,9.41E+05,8.66E+11,0,0,0,0,0,0,0,0,0,0,0,0,1,0,,,1.28,116.94
11/30/2006,4.3,201.5,92.1,105.3,-67243600000,5.02,82.92,63.13,3.1715,646.9,8.70E+06,1.00E+06,8.62E+11,0,0,0,0,0,0,0,0,0,0,0,0,0,1,,,1.32,115.78
12/31/2006,4.3,201.8,91.7,110,-61112800000,5.26,83.72,61.05,2.854,635.2,8.63E+06,9.98E+05,8.65E+11,0,0,0,0,0,0,0,0,0,0,0,0,0,0,,,1.32,119.01
1/31/2007,5,202.42,96.9,110.2,-65705200000,5.42,84.61,58.14,2.5835,652,8.68E+06,8.91E+05,8.58E+11,0,1,1,1,0,0,0,0,0,0,0,0,0,0,,,1.3,120.65
2/28/2007,4.9,203.5,91.3,111.2,-55995800000,5.21,83.57,61.79,2.733,669.4,9.07E+06,8.28E+05,8.64E+11,0,1,1,0,1,0,0,0,0,0,0,0,0,0,,,1.32,118.44
3/31/2007,4.5,205.35,88.4,108.2,-61903800000,5.27,82.93,65.87,3.1435,663,8.52E+06,8.33E+05,8.68E+11,0,1,1,0,0,1,0,0,0,0,0,0,0,0,,,1.34,117.78
4/30/2007,4.3,206.69,87.1,106.3,-65705600000,5.27,81.45,65.71,3.5415,680.5,8.77E+06,8.87E+05,8.69E+11,0,1,1,0,0,0,1,0,0,0,0,0,0,0,,,1.36,119.44
5/31/2007,4.3,207.95,88.3,108.5,-66596700000,5.56,82.3,64.01,3.3935,661,8.44E+06,8.42E+05,8.72E+11,0,1,1,0,0,0,0,1,0,0,0,0,0,0,,,1.35,121.71
6/30/2007,4.7,208.35,85.3,105.3,-66576300000,5.78,81.92,70.68,3.4535,648.1,8.30E+06,7.93E+05,8.75E+11,0,1,1,0,0,0,0,0,1,0,0,0,0,0,,,1.35,123.14
7/31/2007,4.9,208.3,90.4,111.9,-76114700000,5.62,80.77,78.21,3.6535,666.9,8.29E+06,7.78E+05,8.66E+11,0,1,1,0,0,0,0,0,0,1,0,0,0,0,,,1.37,118.38
8/31/2007,4.6,207.92,83.4,105.6,-70899400000,5.34,80.79,74.04,3.411,673,8.72E+06,6.99E+05,8.65E+11,0,1,1,0,0,0,0,0,0,0,1,0,0,0,,,1.36,115.76
9/30/2007,4.5,208.49,83.4,99.5,-65906200000,5.33,77.72,81.66,3.6305,742.8,8.68E+06,6.86E+05,8.61E+11,0,1,1,0,0,0,0,0,0,0,0,1,0,0,,,1.43,114.79
10/31/2007,4.4,208.94,80.9,95.2,-77068400000,5.16,76.48,94.53,3.468,792,8.60E+06,7.27E+05,8.57E+11,0,1,1,0,0,0,0,0,0,0,0,0,1,0,,,1.45,115.29
11/30/2007,4.5,210.18,76.1,87.8,-73726800000,4.75,76.15,88.71,3.157,782.2,8.13E+06,6.41E+05,8.35E+11,0,1,1,0,0,0,0,0,0,0,0,0,0,1,,,1.46,111.18
12/31/2007,4.8,210.04,75.5,90.6,-62563500000,4.81,76.7,95.98,3.0305,834.9,8.12E+06,6.19E+05,8.18E+11,0,1,1,0,0,0,0,0,0,0,0,0,0,0,,,1.46,111.33
1/31/2008,5.4,211.08,78.4,87.3,-69673100000,4.42,75.18,91.75,3.2895,922.7,7.96E+06,6.27E+05,8.17E+11,0,1,1,1,0,0,0,0,0,0,0,0,0,0,,,1.49,106.35
2/29/2008,5.2,211.69,70.8,76.4,-60329700000,4.46,73.71,101.84,3.852,972.1,7.92E+06,5.93E+05,7.99E+11,0,1,1,0,1,0,0,0,0,0,0,0,0,0,,,1.52,103.85
3/31/2008,5.2,213.53,69.5,65.9,-60262400000,4.22,71.8,101.58,3.8635,916.2,7.51E+06,5.35E+05,7.97E+11,0,1,1,0,0,1,0,0,0,0,0,0,0,0,,,1.58,99.81
4/30/2008,4.8,214.82,62.6,62.8,-72258400000,4.58,72.51,113.46,3.934,862.8,6.94E+06,5.36E+05,7.97E+11,0,1,1,0,0,0,1,0,0,0,0,0,0,0,,,1.56,103.92
5/31/2008,5.2,216.63,59.8,58.1,-70329300000,4.81,72.88,127.35,3.628,887.3,6.41E+06,5.04E+05,7.96E+11,0,1,1,0,0,0,0,1,0,0,0,0,0,0,,,1.56,105.5
6/30/2008,5.7,218.82,56.4,51,-73329700000,4.8,72.46,140,3.8955,926.2,6.33E+06,4.87E+05,7.82E+11,0,1,1,0,0,0,0,0,1,0,0,0,0,0,,,1.58,106.09
7/31/2008,6,219.96,61.2,51.9,-88092100000,4.8,73.23,124.08,3.7165,913.9,5.69E+06,4.77E+05,7.76E+11,0,1,1,0,0,0,0,0,0,1,0,0,0,0,,,1.56,107.82
8/31/2008,6.1,219.09,63,58.5,-73457100000,4.63,77.38,115.46,3.4295,829.3,6.94E+06,4.35E+05,7.55E+11,0,1,1,0,0,0,0,0,0,0,1,0,0,0,,,1.47,108.79
9/30/2008,6,218.78,70.3,61.4,-74117000000,4.61,79.45,100.64,2.888,874.2,6.30E+06,4.33E+05,7.51E+11,0,1,1,0,0,0,0,0,0,0,0,1,0,0,,,1.41,106.03
10/31/2008,6.1,216.57,57.6,38.8,-74643600000,4.62,85.63,67.81,1.844,716.8,4.97E+06,3.93E+05,7.42E+11,0,1,1,0,0,0,0,0,0,0,0,0,1,0,,,1.27,98.44
11/30/2008,6.5,212.43,55.3,44.7,-50429600000,3.23,86.52,54.43,1.6235,816.2,5.13E+06,3.89E+05,7.18E+11,0,1,1,0,0,0,0,0,0,0,0,0,0,1,,,1.27,95.47
12/31/2008,7.1,210.23,60.1,38.6,-49276800000,2.7,81.15,44.6,1.395,883.6,4.99E+06,3.77E+05,6.88E+11,0,1,1,0,0,0,0,0,0,0,0,0,0,0,,,1.4,90.6
1/31/2009,8.5,211.14,61.2,37.4,-44264000000,3.18,85.83,41.68,1.462,927.3,5.00E+06,3.36E+05,6.60E+11,1,1,1,1,0,0,0,0,0,0,0,0,0,0,,,1.28,89.97
2/28/2009,8.9,212.19,56.3,25.3,-28662900000,3.44,88.17,44.76,1.526,941.5,4.56E+06,3.72E+05,6.44E+11,1,1,1,0,1,0,0,0,0,0,0,0,0,0,,,1.27,97.52
3/31/2009,9,212.71,57.3,26.9,-33510700000,2.96,85.51,49.66,1.839,922.6,4.75E+06,3.39E+05,6.33E+11,1,1,1,0,0,1,0,0,0,0,0,0,0,0,,,1.33,98.84
4/30/2009,8.6,213.24,65.1,40.8,-38073400000,3.35,84.82,51.12,2.053,890.7,4.55E+06,3.37E+05,6.09E+11,1,1,1,0,0,0,1,0,0,0,0,0,0,0,,,1.32,98.56
5/31/2009,9.1,213.86,68.7,54.8,-32690400000,3.82,79.23,66.31,2.1975,978.8,5.03E+06,3.76E+05,5.97E+11,1,1,1,0,0,0,0,1,0,0,0,0,0,0,,,1.42,95.29
6/30/2009,9.7,215.69,70.8,49.3,-40343700000,3.95,80.16,69.89,2.258,927.1,4.79E+06,3.93E+05,5.86E+11,1,1,1,0,0,0,0,0,1,0,0,0,0,0,,,1.4,96.31
7/31/2009,9.7,215.35,66,47.4,-50061100000,3.9,78.35,69.45,2.6165,953.7,5.13E+06,4.11E+05,5.83E+11,1,1,1,0,0,0,0,0,0,1,0,0,0,0,,,1.42,94.66
8/31/2009,9.6,215.83,65.7,54.5,-43956500000,3.77,78.17,69.96,2.808,951.7,6.36E+06,4.18E+05,5.79E+11,1,1,1,0,0,0,0,0,0,0,1,0,0,0,,,1.43,93.01
9/30/2009,9.5,215.97,73.5,53.4,-49546100000,3.61,76.65,70.61,2.809,1008,4.34E+06,3.86E+05,5.72E+11,1,1,1,0,0,0,0,0,0,0,0,1,0,0,,,1.46,89.75
10/31/2009,9.5,216.18,70.6,48.7,-47021400000,3.71,76.3,77,2.9475,1039.7,4.96E+06,3.96E+05,5.59E+11,1,1,1,0,0,0,0,0,0,0,0,0,1,0,,,1.47,90.08
11/30/2009,9.4,216.33,67.4,50.6,-48717800000,3.44,74.79,77.28,3.1485,1181.1,5.27E+06,3.75E+05,5.51E+11,1,1,1,0,0,0,0,0,0,0,0,0,0,1,,,1.5,86.34
12/31/2009,9.7,215.95,72.5,53.6,-46733900000,4.17,77.86,79.36,3.3275,1095.2,5.26E+06,3.52E+05,5.38E+11,1,1,1,0,0,0,0,0,0,0,0,0,0,0,,,1.43,92.9
1/31/2010,10.6,216.69,74.4,56.5,-44124700000,3.92,79.46,72.89,3.046,1083,5.25E+06,3.45E+05,5.19E+11,1,1,1,1,0,0,0,0,0,0,0,0,0,0,,,1.39,90.3
2/28/2010,10.4,216.74,73.6,46.4,-40040600000,3.89,80.36,79.66,3.2685,1118.3,5.01E+06,3.36E+05,5.18E+11,1,1,1,0,1,0,0,0,0,0,0,0,0,0,,,1.36,88.85
3/31/2010,10.2,217.63,73.6,52.3,-47218600000,4.01,81.07,83.76,3.546,1113.3,5.92E+06,3.81E+05,5.17E+11,1,1,1,0,0,1,0,0,0,0,0,0,0,0,,,1.35,93.46
4/30/2010,9.5,218.01,72.2,57.7,-50687600000,3.84,81.87,86.15,3.3375,1180.1,5.76E+06,4.22E+05,5.19E+11,1,1,1,0,0,0,1,0,0,0,0,0,0,0,,,1.33,93.81
5/31/2010,9.3,218.18,73.6,62.7,-50689900000,3.52,86.59,73.97,3.097,1212.2,6.10E+06,2.80E+05,5.13E+11,1,1,1,0,0,0,0,1,0,0,0,0,0,0,,,1.23,91.24
6/30/2010,9.6,217.97,76,54.3,-61170400000,3.13,86.02,75.63,2.936,1245.5,5.75E+06,3.05E+05,5.11E+11,1,1,1,0,0,0,0,0,1,0,0,0,0,0,,,1.22,88.39
7/31/2010,9.7,218.01,67.8,51,-59858800000,3.03,81.54,78.95,3.307,1181.7,5.98E+06,2.83E+05,4.93E+11,1,1,1,0,0,0,0,0,0,1,0,0,0,0,,,1.3,86.45
8/31/2010,9.5,218.31,68.9,53.2,-64132800000,2.58,83.2,71.92,3.361,1248.3,6.02E+06,2.82E+05,4.90E+11,1,1,1,0,0,0,0,0,0,0,1,0,0,0,,,1.27,84.16
9/30/2010,9.2,218.44,68.2,48.6,-59437200000,2.69,78.72,79.97,3.646,1307.8,5.94E+06,3.17E+05,4.88E+11,1,1,1,0,0,0,0,0,0,0,0,1,0,0,,,1.36,83.45
10/31/2010,9,218.71,67.7,49.9,-53057900000,2.82,77.27,81.43,3.732,1357.1,6.44E+06,2.91E+05,4.92E+11,1,1,1,0,0,0,0,0,0,0,0,0,1,0,,,1.39,80.39
11/30/2010,9.3,218.8,71.6,57.8,-55872200000,3.12,81.2,84.11,3.823,1385,6.41E+06,2.87E+05,4.99E+11,1,1,1,0,0,0,0,0,0,0,0,0,0,1,,,1.3,83.67
12/31/2010,9.1,219.18,74.5,63.4,-49071300000,3.57,79.03,91.38,4.4395,1421.1,6.46E+06,3.26E+05,4.95E+11,1,1,1,0,0,0,0,0,0,0,0,0,0,0,,,1.34,81.15
1/31/2011,9.8,220.22,74.2,64.8,-56864800000,3.68,77.74,92.19,4.451,1333.8,6.75E+06,3.07E+05,4.64E+11,1,1,0,1,0,0,0,0,0,0,0,0,0,0,,,1.37,82.07
2/28/2011,9.5,221.31,77.5,72,-46779300000,3.73,76.89,96.97,4.478,1409.3,6.57E+06,2.70E+05,4.70E+11,1,1,0,0,1,0,0,0,0,0,0,0,0,0,,,1.38,81.76
3/31/2011,9.2,223.47,67.5,63.8,-54251900000,3.76,75.86,106.72,4.3,1438.9,6.44E+06,3.00E+05,4.79E+11,1,1,0,0,0,1,0,0,0,0,0,0,0,0,,,1.42,83.15
4/30/2011,8.7,224.91,69.8,66,-54241400000,3.55,72.93,113.93,4.1655,1556,6.52E+06,3.10E+05,4.83E+11,1,1,0,0,0,0,1,0,0,0,0,0,0,0,,,1.48,81.21
5/31/2011,8.7,225.96,74.3,61.7,-64717700000,3.33,74.64,102.7,4.1735,1535.9,6.09E+06,3.05E+05,4.92E+11,1,1,0,0,0,0,0,1,0,0,0,0,0,0,,,1.44,81.52
6/30/2011,9.3,225.72,71.5,57.6,-66581500000,3.46,74.3,95.42,4.272,1502.3,5.91E+06,3.01E+05,5.09E+11,1,1,0,0,0,0,0,0,1,0,0,0,0,0,,,1.45,80.52
7/31/2011,9.3,225.92,63.7,59.2,-66968100000,3.08,73.9,95.7,4.474,1628.3,6.64E+06,2.96E+05,5.11E+11,1,1,0,0,0,0,0,0,0,1,0,0,0,0,,,1.44,76.73
8/31/2011,9.1,226.55,55.8,45.2,-69605900000,2.51,74.12,88.81,4.187,1828.5,6.55E+06,2.99E+05,5.18E+11,1,1,0,0,0,0,0,0,0,0,1,0,0,0,,,1.44,76.59
9/30/2011,8.8,226.89,59.5,46.4,-62534800000,2.18,78.55,79.2,3.145,1620.4,7.06E+06,3.04E+05,5.19E+11,1,1,0,0,0,0,0,0,0,0,0,1,0,0,,,1.34,77.04
10/31/2011,8.5,226.42,60.8,40.9,-60710200000,2.37,76.17,93.19,3.629,1724.2,7.01E+06,3.16E+05,5.19E+11,1,1,0,0,0,0,0,0,0,0,0,0,1,0,,,1.39,78.2
11/30/2011,8.2,226.23,63.7,55.2,-64565700000,2.3,78.38,100.36,3.563,1745.5,7.09E+06,3.28E+05,5.20E+11,1,1,0,0,0,0,0,0,0,0,0,0,0,1,,,1.34,77.5
12/31/2011,8.3,225.67,69.9,64.8,-57625400000,2.1,80.18,98.83,3.4315,1565.8,7.17E+06,3.41E+05,5.27E+11,1,1,0,0,0,0,0,0,0,0,0,0,0,0,,,1.29,76.94
1/31/2012,8.8,226.67,75,61.5,-65694600000,1.97,79.29,98.48,3.7875,1737.8,6.98E+06,3.35E+05,5.42E+11,1,1,0,1,0,0,0,0,0,0,0,0,0,0,,,1.31,76.19
2/29/2012,8.7,227.66,75.3,71.6,-48218800000,2.15,78.74,107.07,3.8705,1709.9,6.93E+06,3.66E+05,5.42E+11,1,1,0,0,1,0,0,0,0,0,0,0,0,0,,,1.33,81.22
3/31/2012,8.4,229.39,76.2,69.5,-57131100000,2.38,79,103.02,3.824,1669.3,6.89E+06,3.54E+05,5.48E+11,1,1,0,0,0,1,0,0,0,0,0,0,0,0,,,1.33,82.79
4/30/2012,7.7,230.09,76.4,68.7,-62054700000,2.11,78.78,104.87,3.8335,1663.4,7.08E+06,3.54E+05,5.57E+11,1,1,0,0,0,0,1,0,0,0,0,0,0,0,,,1.32,79.78
5/31/2012,7.9,229.82,79.3,64.4,-67176500000,1.79,83.04,86.53,3.3625,1562.6,7.15E+06,3.70E+05,5.65E+11,1,1,0,0,0,0,0,1,0,0,0,0,0,0,,,1.24,78.35
6/30/2012,8.4,229.48,73.2,62.7,-59207800000,1.83,81.63,84.96,3.49,1603.5,7.22E+06,3.60E+05,5.70E+11,1,1,0,0,0,0,0,0,1,0,0,0,0,0,,,1.27,79.77
7/31/2012,8.6,229.1,72.3,65.4,-71430500000,1.63,82.64,88.06,3.4195,1610.5,7.11E+06,3.69E+05,5.76E+11,1,1,0,0,0,0,0,0,0,1,0,0,0,0,,,1.23,78.11
8/31/2012,8.2,230.38,74.3,61.3,-66358500000,1.72,81.21,96.47,3.454,1684.6,7.09E+06,3.75E+05,5.78E+11,1,1,0,0,0,0,0,0,0,0,1,0,0,0,,,1.26,78.37
9/30/2012,7.6,231.41,78.3,68.4,-57422800000,1.77,79.94,92.19,3.773,1771.1,7.38E+06,3.85E+05,5.89E+11,1,1,0,0,0,0,0,0,0,0,0,1,0,0,,,1.29,77.9
10/31/2012,7.5,231.32,82.6,73.1,-65048900000,1.79,79.92,86.24,3.527,1717.5,7.25E+06,3.58E+05,5.95E+11,1,1,0,0,0,0,0,0,0,0,0,0,1,0,,,1.3,79.76
11/30/2012,7.4,230.22,82.7,71.5,-64348800000,1.72,80.15,88.91,3.6295,1710.9,7.58E+06,3.92E+05,5.94E+11,1,1,0,0,0,0,0,0,0,0,0,0,0,1,,,1.3,82.45
12/31/2012,7.6,229.6,72.9,66.7,-46353200000,1.88,79.77,91.82,3.641,1674.8,7.60E+06,3.99E+05,5.99E+11,1,1,0,0,0,0,0,0,0,0,0,0,0,0,,,1.32,86.74
1/31/2013,8.5,230.28,73.8,58.4,-62136700000,2.14,79.21,97.49,3.7235,1660.6,7.65E+06,4.42E+05,5.90E+11,1,1,0,1,0,0,0,0,0,0,0,0,0,0,,,1.36,91.72
2/28/2013,8.1,232.17,77.6,68,-46879300000,2.05,81.95,92.05,3.5275,1577.7,7.79E+06,4.39E+05,5.97E+11,1,1,0,0,1,0,0,0,0,0,0,0,0,0,,,1.31,92.53
3/31/2013,7.6,232.77,78.6,61.9,-45208500000,2.09,83.22,97.23,3.395,1594.8,7.98E+06,4.49E+05,6.01E+11,1,1,0,0,0,1,0,0,0,0,0,0,0,0,,,1.28,94.19
4/30/2013,7.1,232.53,76.4,69,-61094700000,1.92,81.75,93.46,3.1875,1472.2,7.99E+06,4.51E+05,6.06E+11,1,1,0,0,0,0,1,0,0,0,0,0,0,0,,,1.32,97.41
5/31/2013,7.3,232.95,84.5,74.3,-63716700000,2.4,83.26,91.97,3.289,1392.6,7.99E+06,4.30E+05,6.13E+11,1,1,0,0,0,0,0,1,0,0,0,0,0,0,,,1.3,100.46
6/30/2013,7.8,233.5,84.1,82.1,-50380000000,2.82,83.14,96.56,3.0505,1223.8,8.12E+06,4.63E+05,6.19E+11,1,1,0,0,0,0,0,0,1,0,0,0,0,0,,,1.3,99.12
7/31/2013,7.7,233.6,85.1,81,-70030800000,2.91,81.45,105.03,3.1185,1312.4,8.02E+06,3.76E+05,6.36E+11,1,1,0,0,0,0,0,0,0,1,0,0,0,0,,,1.33,97.86
8/31/2013,7.3,233.88,82.1,81.8,-60466700000,3.11,82.09,107.65,3.225,1396.1,8.01E+06,3.80E+05,6.43E+11,1,1,0,0,0,0,0,0,0,0,1,0,0,0,,,1.32,98.15
9/30/2013,7,234.15,77.5,80.2,-63563400000,2.91,80.22,102.33,3.321,1326.5,7.66E+06,3.99E+05,6.54E+11,1,1,0,0,0,0,0,0,0,0,0,1,0,0,,,1.35,98.21
10/31/2013,7,233.55,73.2,72.4,-63028400000,2.84,80.2,96.38,3.2945,1323.6,7.87E+06,4.44E+05,6.66E+11,1,1,0,0,0,0,0,0,0,0,0,0,1,0,,,1.36,98.35
11/30/2013,6.6,233.07,75.1,72,-52417500000,2.99,80.68,92.72,3.2305,1250.6,8.30E+06,4.46E+05,6.81E+11,1,1,0,0,0,0,0,0,0,0,0,0,0,1,,,1.36,102.41
12/31/2013,6.5,233.05,82.5,77.5,-50547200000,3.27,80.04,98.42,3.4415,1201.9,7.95E+06,4.41E+05,6.95E+11,1,1,0,0,0,0,0,0,0,0,0,0,0,0,,,1.37,105.3
1/31/2014,7,233.92,81.2,79.4,-59488000000,2.93,81.31,97.49,3.2205,1240.1,8.19E+06,4.47E+05,7.12E+11,1,1,0,1,0,0,0,0,0,0,0,0,0,0,,,1.35,102.03
2/28/2014,7,234.78,81.6,78.3,-47099200000,2.9,79.69,102.59,3.2385,1321.4,8.37E+06,4.23E+05,7.21E+11,1,1,0,0,1,0,0,0,0,0,0,0,0,0,,,1.38,101.8
3/31/2014,6.8,236.29,80,83.9,-52378200000,2.97,80.1,101.58,3.0465,1283.4,8.93E+06,4.10E+05,7.26E+11,1,1,0,0,0,1,0,0,0,0,0,0,0,0,,,1.38,103.19
4/30/2014,5.9,237.07,84.1,81.7,-67318300000,2.87,79.47,99.74,3.0295,1295.6,8.64E+06,4.01E+05,7.30E+11,1,1,0,0,0,0,1,0,0,0,0,0,0,0,,,1.39,102.24
5/31/2014,6.1,237.9,81.9,82.2,-62688100000,2.69,80.37,102.71,3.136,1245.6,8.88E+06,4.52E+05,7.27E+11,1,1,0,0,0,0,0,1,0,0,0,0,0,0,,,1.36,101.78
6/30/2014,6.3,238.34,82.5,86.4,-59939900000,2.74,79.78,105.37,3.188,1321.8,8.84E+06,4.16E+05,7.27E+11,1,1,0,0,0,0,0,0,1,0,0,0,0,0,,,1.37,101.3
7/31/2014,6.5,238.25,81.8,90.3,-71872900000,2.8,81.46,98.17,3.223,1281.3,8.78E+06,4.02E+05,7.22E+11,1,1,0,0,0,0,0,0,0,1,0,0,0,0,,,1.34,102.79
8/31/2014,6.3,237.85,82.5,93.4,-59852800000,2.58,82.75,95.96,3.135,1285.8,8.94E+06,4.49E+05,7.22E+11,1,1,0,0,0,0,0,0,0,0,1,0,0,0,,,1.31,104.05
9/30/2014,5.7,238.03,84.6,89,-70121500000,2.73,85.94,91.16,3.0055,1210.5,8.70E+06,4.66E+05,7.29E+11,1,1,0,0,0,0,0,0,0,0,0,1,0,0,,,1.26,109.64
10/31/2014,5.5,237.43,86.9,94.1,-66109000000,2.56,86.92,80.54,3.061,1171.1,8.65E+06,4.74E+05,7.42E+11,1,1,0,0,0,0,0,0,0,0,0,0,1,0,,,1.25,112.3
11/30/2014,5.5,236.15,88.8,91,-56004500000,2.36,88.36,66.15,2.86,1175.2,9.07E+06,4.46E+05,7.54E+11,1,1,0,0,0,0,0,0,0,0,0,0,0,1,,,1.25,118.61
12/31/2014,5.4,234.81,93.6,93.1,-62321400000,2.35,90.27,53.27,2.8385,1183.9,8.95E+06,4.92E+05,7.62E+11,1,1,0,0,0,0,0,0,0,0,0,0,0,0,,,1.21,119.68
1/31/2015,6.1,233.71,98.1,103.8,-60342800000,1.83,94.8,48.24,2.528,1278.5,9.29E+06,5.24E+05,7.66E+11,1,0,0,1,0,0,0,0,0,0,0,0,0,0,,,1.13,117.44
2/28/2015,5.8,234.72,95.4,98.8,-44743400000,2.17,95.32,49.76,2.716,1212.6,9.26E+06,5.49E+05,7.73E+11,1,0,0,0,1,0,0,0,0,0,0,0,0,0,,,1.12,119.51
3/31/2015,5.6,236.12,93,101.4,-64537600000,2.07,98.36,47.6,2.747,1183.1,9.63E+06,4.90E+05,7.83E+11,1,0,0,0,0,1,0,0,0,0,0,0,0,0,,,1.07,120.12
4/30/2015,5.1,236.6,95.9,94.3,-61509100000,2.23,94.6,59.63,2.8865,1182.4,9.42E+06,5.00E+05,8.06E+11,1,0,0,0,0,0,1,0,0,0,0,0,0,0,,,1.12,119.34
5/31/2015,5.3,237.81,90.7,94.6,-58426100000,2.27,96.91,60.3,2.7595,1189.4,9.84E+06,5.07E+05,8.21E+11,1,0,0,0,0,0,0,1,0,0,0,0,0,0,,,1.1,124.11
6/30/2015,5.5,238.64,96.1,99.8,-66427600000,2.54,95.49,59.47,2.6235,1171.5,9.63E+06,4.72E+05,8.30E+11,1,0,0,0,0,0,0,0,1,0,0,0,0,0,,,1.11,122.49
7/31/2015,5.6,238.65,93.1,91,-69417800000,2.33,97.34,47.12,2.3675,1094.9,9.96E+06,4.98E+05,8.38E+11,1,0,0,0,0,0,0,0,0,1,0,0,0,0,,,1.1,123.92
8/31/2015,5.2,238.32,91.9,101.3,-67251400000,2.34,95.82,49.2,2.338,1131.6,1.00E+07,5.05E+05,8.49E+11,1,0,0,0,0,0,0,0,0,0,1,0,0,0,,,1.12,121.22
9/30/2015,4.9,237.95,87.2,102.6,-66652800000,2.05,96.35,45.09,2.3455,1115.5,1.04E+07,4.57E+05,8.59E+11,1,0,0,0,0,0,0,0,0,0,0,1,0,0,,,1.12,119.84
10/31/2015,4.8,237.84,90,99.1,-64832000000,2.11,96.95,46.59,2.3135,1141.5,1.04E+07,4.78E+05,8.46E+11,1,0,0,0,0,0,0,0,0,0,0,0,1,0,,,1.1,120.61
11/30/2015,4.8,237.34,91.3,92.6,-61733800000,2.12,100.17,41.65,2.0445,1065.8,1.06E+07,5.08E+05,8.54E+11,1,0,0,0,0,0,0,0,0,0,0,0,0,1,,,1.06,123.08
12/31/2015,4.8,236.53,92.6,96.3,-59785900000,2.23,98.63,37.04,2.1255,1060.3,1.02E+07,5.38E+05,8.44E+11,1,0,0,0,0,0,0,0,0,0,0,0,0,0,,,1.09,120.3
1/31/2016,5.3,236.92,92,97.8,-57599500000,1.84,99.61,33.62,2.064,1116.4,1.05E+07,5.26E+05,8.50E+11,1,0,0,1,0,0,0,0,0,0,0,0,0,0,,,1.08,121.03
2/29/2016,5.2,237.11,91.7,94,-54340700000,1.6,98.21,33.75,2.1285,1233.9,1.04E+07,5.25E+05,8.58E+11,1,0,0,0,1,0,0,0,0,0,0,0,0,0,,,1.09,112.66
3/31/2016,5.1,238.13,91,96.1,-53277600000,1.67,94.59,38.34,2.1815,1234.2,9.79E+06,5.37E+05,8.79E+11,1,0,0,0,0,1,0,0,0,0,0,0,0,0,,,1.14,112.56
4/30/2016,4.7,239.26,89,94.7,-55359500000,1.75,93.08,45.92,2.279,1289.2,1.05E+07,5.70E+05,8.55E+11,1,0,0,0,0,0,1,0,0,0,0,0,0,0,,,1.15,106.35
5/31/2016,4.5,240.23,94.7,92.4,-63920600000,1.73,95.89,49.1,2.0975,1214.8,1.03E+07,5.66E+05,8.60E+11,1,0,0,0,0,0,0,1,0,0,0,0,0,0,,,1.11,110.68
6/30/2016,5.1,241.02,93.5,97.4,-63593600000,1.38,96.14,48.33,2.1945,1318.4,1.02E+07,5.58E+05,8.68E+11,1,0,0,0,0,0,0,0,1,0,0,0,0,0,,,1.11,103.25
7/31/2016,5.1,240.63,90,96.7,-65767000000,1.37,95.53,41.6,2.2205,1349,1.09E+07,6.29E+05,8.85E+11,1,0,0,0,0,0,0,0,0,1,0,0,0,0,,,1.12,102.05
8/31/2016,5,240.85,89.8,101.8,-71178400000,1.46,96.02,44.7,2.0695,1306.9,1.04E+07,5.75E+05,8.82E+11,1,0,0,0,0,0,0,0,0,0,1,0,0,0,,,1.12,103.42
9/30/2016,4.8,241.43,91.2,103.5,-61346700000,1.47,95.46,48.24,2.202,1313.3,1.07E+07,5.93E+05,8.80E+11,1,0,0,0,0,0,0,0,0,0,0,1,0,0,,,1.12,101.33
